sess_N,item_id,figure1,figure2,figure3,figure4,figure5,figure6,figure7,figure8,choice1,choice2,choice3,choice4,solution,masked_idx,seq_order,choice_order,pattern,trial_type
1,616967,star,star,star,guitar,star,star,star,guitar,truck,star,cube,guitar,guitar,7,25417306,3201,AAABAAAB,experiment
1,240932,hammer,hammer,hammer,key,hammer,hammer,hammer,key,star,hammer,key,smile,key,7,53016724,2130,AAABAAAB,experiment
1,586430,eye,eye,eye,sun,eye,eye,eye,sun,heart,carrot,eye,sun,sun,7,73245061,3012,AAABAAAB,experiment
1,53558,wheat,wheat,wheat,bulb,wheat,wheat,wheat,bulb,bulb,carrot,key,wheat,bulb,7,62147305,312,AAABAAAB,experiment
1,144856,heart,heart,heart,bulb,heart,heart,heart,bulb,heart,key,bulb,smile,bulb,7,74021536,3201,AAABAAAB,experiment
1,634633,bulb,bulb,bulb,carrot,bulb,bulb,bulb,carrot,bulb,truck,sun,carrot,carrot,7,13746502,2301,AAABAAAB,experiment
1,52387,carrot,carrot,carrot,eye,carrot,carrot,carrot,eye,sun,pyramid,eye,carrot,eye,7,37041625,3120,AAABAAAB,experiment
1,319763,cube,cube,cube,carrot,cube,cube,cube,carrot,cube,smile,hammer,carrot,carrot,7,25304617,2301,AAABAAAB,experiment
1,331116,cube,cube,cube,star,cube,cube,cube,star,wheat,star,cube,bell,star,7,12640753,3120,AAABAAAB,experiment
1,621708,truck,truck,truck,cube,truck,truck,truck,cube,truck,cube,heart,eye,cube,7,35701426,1032,AAABAAAB,experiment
1,56736,wheat,eye,wheat,eye,heart,smile,heart,smile,heart,eye,wheat,smile,smile,7,31760452,1320,ABABCDCD,experiment
1,307766,wheat,heart,wheat,heart,bulb,key,bulb,key,bulb,heart,wheat,key,key,7,72056134,2301,ABABCDCD,experiment
1,5382,smile,wheat,smile,wheat,helicopter,eye,helicopter,eye,helicopter,smile,wheat,eye,eye,7,16472350,213,ABABCDCD,experiment
1,484994,smile,sun,smile,sun,truck,pyramid,truck,pyramid,pyramid,smile,truck,sun,pyramid,7,2513746,312,ABABCDCD,experiment
1,106106,star,key,star,key,smile,pyramid,smile,pyramid,star,smile,pyramid,key,pyramid,7,60231574,2130,ABABCDCD,experiment
1,289049,hammer,carrot,hammer,carrot,bulb,star,bulb,star,carrot,bulb,hammer,star,star,7,10642375,1023,ABABCDCD,experiment
1,558010,cube,helicopter,cube,helicopter,wheat,smile,wheat,smile,wheat,helicopter,smile,cube,smile,7,63740512,2031,ABABCDCD,experiment
1,389898,cube,carrot,cube,carrot,sun,bell,sun,bell,cube,sun,bell,carrot,bell,7,21754360,312,ABABCDCD,experiment
1,455985,key,star,key,star,bell,wheat,bell,wheat,key,bell,star,wheat,wheat,7,57346021,3120,ABABCDCD,experiment
1,222639,smile,helicopter,smile,helicopter,wheat,carrot,wheat,carrot,wheat,carrot,smile,helicopter,carrot,7,13702465,3012,ABABCDCD,experiment
1,76459,cube,guitar,guitar,cube,cube,guitar,guitar,cube,guitar,wheat,cube,star,cube,7,27513046,2130,ABBAABBA,experiment
1,563954,smile,truck,truck,smile,smile,truck,truck,smile,truck,smile,eye,bell,smile,7,12745603,312,ABBAABBA,experiment
1,81334,helicopter,guitar,guitar,helicopter,helicopter,guitar,guitar,helicopter,helicopter,guitar,pyramid,bell,helicopter,7,24036517,132,ABBAABBA,experiment
1,527115,heart,cube,cube,heart,heart,cube,cube,heart,cube,truck,heart,helicopter,heart,7,34761025,1023,ABBAABBA,experiment
1,154863,hammer,guitar,guitar,hammer,hammer,guitar,guitar,hammer,bulb,hammer,guitar,eye,hammer,7,63125740,312,ABBAABBA,experiment
1,134045,hammer,bell,bell,hammer,hammer,bell,bell,hammer,hammer,smile,sun,bell,hammer,7,26053714,3210,ABBAABBA,experiment
1,331497,sun,heart,heart,sun,sun,heart,heart,sun,sun,helicopter,heart,eye,sun,7,63127450,2130,ABBAABBA,experiment
1,323333,sun,key,key,sun,sun,key,key,sun,key,heart,sun,star,sun,7,43751260,1320,ABBAABBA,experiment
1,196612,eye,hammer,hammer,eye,eye,hammer,hammer,eye,eye,hammer,heart,smile,eye,7,76405132,3102,ABBAABBA,experiment
1,629713,cube,eye,eye,cube,cube,eye,eye,cube,eye,bell,bulb,cube,cube,7,60271543,1023,ABBAABBA,experiment
1,575122,key,cube,cube,key,eye,truck,truck,eye,eye,key,truck,cube,eye,7,14730652,1302,ABBACDDC,experiment
1,120597,bell,key,key,bell,hammer,eye,eye,hammer,eye,key,bell,hammer,hammer,7,35670214,1032,ABBACDDC,experiment
1,42780,pyramid,eye,eye,pyramid,carrot,wheat,wheat,carrot,carrot,wheat,eye,pyramid,carrot,7,43610752,123,ABBACDDC,experiment
1,11493,eye,cube,cube,eye,smile,helicopter,helicopter,smile,cube,helicopter,smile,eye,smile,7,10267534,321,ABBACDDC,experiment
1,100475,star,cube,cube,star,helicopter,carrot,carrot,helicopter,cube,carrot,helicopter,star,helicopter,7,37014652,132,ABBACDDC,experiment
1,84588,bell,hammer,hammer,bell,helicopter,carrot,carrot,helicopter,carrot,helicopter,bell,hammer,helicopter,7,2364517,1320,ABBACDDC,experiment
1,459574,carrot,bell,bell,carrot,wheat,pyramid,pyramid,wheat,carrot,bell,pyramid,wheat,wheat,7,27653104,1320,ABBACDDC,experiment
1,163092,truck,bulb,bulb,truck,guitar,smile,smile,guitar,smile,truck,guitar,bulb,guitar,7,53621470,2013,ABBACDDC,experiment
1,605684,bell,star,star,bell,cube,wheat,wheat,cube,cube,bell,wheat,star,cube,7,71304625,3201,ABBACDDC,experiment
1,453153,heart,eye,eye,heart,guitar,smile,smile,guitar,guitar,smile,heart,eye,guitar,7,13264570,2301,ABBACDDC,experiment
1,363324,carrot,guitar,guitar,cube,carrot,guitar,guitar,cube,smile,carrot,guitar,cube,cube,7,23045761,321,ABBCABBC,experiment
1,390761,truck,cube,cube,eye,truck,cube,cube,eye,eye,cube,truck,bulb,eye,7,40652713,2103,ABBCABBC,experiment
1,77455,eye,cube,cube,truck,eye,cube,cube,truck,eye,cube,heart,truck,truck,7,46271530,1320,ABBCABBC,experiment
1,514821,star,cube,cube,hammer,star,cube,cube,hammer,smile,hammer,star,cube,hammer,7,25346170,1032,ABBCABBC,experiment
1,200995,eye,hammer,hammer,bulb,eye,hammer,hammer,bulb,bulb,eye,hammer,helicopter,bulb,7,71436052,1302,ABBCABBC,experiment
1,651002,helicopter,truck,truck,eye,helicopter,truck,truck,eye,truck,star,eye,helicopter,eye,7,62531047,1023,ABBCABBC,experiment
1,85082,bell,cube,cube,eye,bell,cube,cube,eye,cube,pyramid,eye,bell,eye,7,73062451,132,ABBCABBC,experiment
1,146846,pyramid,eye,eye,heart,pyramid,eye,eye,heart,pyramid,heart,eye,truck,heart,7,74620153,3120,ABBCABBC,experiment
1,46638,bell,guitar,guitar,key,bell,guitar,guitar,key,eye,bell,guitar,key,key,7,65230147,3102,ABBCABBC,experiment
1,82120,smile,truck,truck,key,smile,truck,truck,key,hammer,smile,truck,key,key,7,16504327,3210,ABBCABBC,experiment
1,612709,star,guitar,truck,star,star,guitar,truck,star,eye,truck,guitar,star,star,7,14326750,3120,ABCAABCA,experiment
1,114793,key,guitar,pyramid,key,key,guitar,pyramid,key,key,guitar,wheat,pyramid,key,7,16523704,3210,ABCAABCA,experiment
1,314343,wheat,heart,helicopter,wheat,wheat,heart,helicopter,wheat,wheat,helicopter,key,heart,wheat,7,36125704,3012,ABCAABCA,experiment
1,149919,cube,eye,hammer,cube,cube,eye,hammer,cube,eye,hammer,cube,bulb,cube,7,74302561,312,ABCAABCA,experiment
1,541912,cube,hammer,bell,cube,cube,hammer,bell,cube,hammer,bell,smile,cube,cube,7,21034657,3021,ABCAABCA,experiment
1,550152,truck,helicopter,key,truck,truck,helicopter,key,truck,helicopter,eye,key,truck,truck,7,12506437,2013,ABCAABCA,experiment
1,642740,carrot,hammer,key,carrot,carrot,hammer,key,carrot,carrot,helicopter,hammer,key,carrot,7,65721034,312,ABCAABCA,experiment
1,446014,truck,smile,sun,truck,truck,smile,sun,truck,helicopter,smile,sun,truck,truck,7,54317026,231,ABCAABCA,experiment
1,16172,key,hammer,heart,key,key,hammer,heart,key,key,smile,hammer,heart,key,7,27540631,321,ABCAABCA,experiment
1,552007,wheat,heart,bell,wheat,wheat,heart,bell,wheat,bell,wheat,heart,hammer,wheat,7,35620417,312,ABCAABCA,experiment
1,42513,bell,guitar,heart,wheat,wheat,heart,guitar,bell,bell,wheat,heart,guitar,bell,7,36210457,1032,ABCDDCBA,experiment
1,285140,bell,heart,star,bulb,bulb,star,heart,bell,star,heart,bell,bulb,bell,7,53014762,3012,ABCDDCBA,experiment
1,63320,carrot,helicopter,sun,heart,heart,sun,helicopter,carrot,carrot,heart,sun,helicopter,carrot,7,54731026,2013,ABCDDCBA,experiment
1,422173,star,pyramid,helicopter,hammer,hammer,helicopter,pyramid,star,pyramid,hammer,star,helicopter,star,7,23014657,1203,ABCDDCBA,experiment
1,199541,star,wheat,sun,hammer,hammer,sun,wheat,star,hammer,wheat,star,sun,star,7,37156402,3210,ABCDDCBA,experiment
1,100857,sun,key,bell,star,star,bell,key,sun,key,bell,star,sun,sun,7,64273015,1302,ABCDDCBA,experiment
1,536380,hammer,cube,bulb,sun,sun,bulb,cube,hammer,bulb,cube,sun,hammer,hammer,7,12746530,231,ABCDDCBA,experiment
1,518198,truck,hammer,guitar,cube,cube,guitar,hammer,truck,truck,hammer,cube,guitar,truck,7,50231674,132,ABCDDCBA,experiment
1,2414,smile,sun,pyramid,bulb,bulb,pyramid,sun,smile,sun,bulb,pyramid,smile,smile,7,70342651,3210,ABCDDCBA,experiment
1,435568,bell,hammer,guitar,heart,heart,guitar,hammer,bell,guitar,heart,bell,hammer,bell,7,12405367,1230,ABCDDCBA,experiment
1,634930,bulb,heart,wheat,helicopter,star,star,helicopter,wheat,bulb,heart,star,wheat,wheat,7,2457163,3120,ABCDEEDC,experiment
1,545536,heart,truck,carrot,eye,pyramid,pyramid,eye,carrot,truck,carrot,heart,eye,carrot,7,62147350,2031,ABCDEEDC,experiment
1,312242,smile,hammer,helicopter,cube,bell,bell,cube,helicopter,helicopter,smile,cube,bell,helicopter,7,51047362,2301,ABCDEEDC,experiment
1,192103,star,heart,smile,pyramid,guitar,guitar,pyramid,smile,smile,heart,guitar,star,smile,7,1475236,3120,ABCDEEDC,experiment
1,421158,helicopter,hammer,eye,sun,guitar,guitar,sun,eye,guitar,helicopter,eye,hammer,eye,7,1756324,3210,ABCDEEDC,experiment
1,372745,key,sun,smile,pyramid,bulb,bulb,pyramid,smile,smile,bulb,pyramid,key,smile,7,74650231,3210,ABCDEEDC,experiment
1,137811,bell,sun,eye,heart,pyramid,pyramid,heart,eye,heart,bell,eye,sun,eye,7,75314206,2103,ABCDEEDC,experiment
1,539521,key,hammer,bulb,carrot,heart,heart,carrot,bulb,key,hammer,heart,bulb,bulb,7,31726540,213,ABCDEEDC,experiment
1,431392,helicopter,pyramid,heart,eye,wheat,wheat,eye,heart,wheat,eye,pyramid,heart,heart,7,71453602,2310,ABCDEEDC,experiment
1,40398,star,hammer,helicopter,carrot,truck,truck,carrot,helicopter,hammer,truck,star,helicopter,helicopter,7,51463702,3201,ABCDEEDC,experiment
2,287334,eye,eye,eye,smile,eye,eye,eye,smile,heart,smile,eye,bulb,smile,7,43207156,3201,AAABAAAB,experiment
2,526746,truck,truck,truck,carrot,truck,truck,truck,carrot,carrot,bell,truck,star,carrot,7,46017235,3201,AAABAAAB,experiment
2,426590,helicopter,helicopter,helicopter,smile,helicopter,helicopter,helicopter,smile,helicopter,carrot,smile,sun,smile,7,20341657,1230,AAABAAAB,experiment
2,371183,bell,bell,bell,wheat,bell,bell,bell,wheat,bulb,star,wheat,bell,wheat,7,26147350,132,AAABAAAB,experiment
2,99295,helicopter,helicopter,helicopter,key,helicopter,helicopter,helicopter,key,wheat,helicopter,key,guitar,key,7,74235601,2031,AAABAAAB,experiment
2,320383,truck,truck,truck,hammer,truck,truck,truck,hammer,hammer,helicopter,key,truck,hammer,7,40613257,1302,AAABAAAB,experiment
2,351314,smile,smile,smile,key,smile,smile,smile,key,bell,cube,key,smile,key,7,40152736,312,AAABAAAB,experiment
2,486471,carrot,carrot,carrot,hammer,carrot,carrot,carrot,hammer,hammer,smile,carrot,guitar,hammer,7,2641573,312,AAABAAAB,experiment
2,503017,helicopter,helicopter,helicopter,carrot,helicopter,helicopter,helicopter,carrot,bulb,carrot,sun,helicopter,carrot,7,75204361,2310,AAABAAAB,experiment
2,614371,sun,sun,sun,guitar,sun,sun,sun,guitar,guitar,sun,key,star,guitar,7,35760241,1230,AAABAAAB,experiment
2,661973,hammer,key,hammer,key,wheat,sun,wheat,sun,wheat,key,hammer,sun,sun,7,57032164,2310,ABABCDCD,experiment
2,490239,truck,sun,truck,sun,hammer,eye,hammer,eye,truck,eye,sun,hammer,eye,7,25016437,1023,ABABCDCD,experiment
2,136211,wheat,key,wheat,key,guitar,cube,guitar,cube,wheat,cube,guitar,key,cube,7,5217634,2103,ABABCDCD,experiment
2,209201,wheat,hammer,wheat,hammer,carrot,smile,carrot,smile,carrot,hammer,smile,wheat,smile,7,75324061,2013,ABABCDCD,experiment
2,551809,wheat,hammer,wheat,hammer,pyramid,heart,pyramid,heart,pyramid,wheat,hammer,heart,heart,7,50426317,213,ABABCDCD,experiment
2,84838,heart,eye,heart,eye,smile,pyramid,smile,pyramid,heart,smile,pyramid,eye,pyramid,7,64301527,2031,ABABCDCD,experiment
2,182672,bell,guitar,bell,guitar,hammer,sun,hammer,sun,hammer,bell,guitar,sun,sun,7,61073452,3210,ABABCDCD,experiment
2,205194,hammer,helicopter,hammer,helicopter,bulb,bell,bulb,bell,helicopter,bell,bulb,hammer,bell,7,60374125,123,ABABCDCD,experiment
2,404825,eye,wheat,eye,wheat,smile,bell,smile,bell,wheat,eye,bell,smile,bell,7,57142360,1032,ABABCDCD,experiment
2,323159,star,key,star,key,carrot,bell,carrot,bell,key,carrot,star,bell,bell,7,21634057,1203,ABABCDCD,experiment
2,239155,smile,sun,sun,smile,smile,sun,sun,smile,smile,sun,pyramid,hammer,smile,7,70452136,3102,ABBAABBA,experiment
2,631512,helicopter,star,star,helicopter,helicopter,star,star,helicopter,star,helicopter,heart,bell,helicopter,7,21354067,3210,ABBAABBA,experiment
2,660370,bulb,star,star,bulb,bulb,star,star,bulb,bulb,heart,truck,star,bulb,7,75160432,1023,ABBAABBA,experiment
2,380466,sun,bulb,bulb,sun,sun,bulb,bulb,sun,pyramid,bulb,sun,truck,sun,7,14205673,1302,ABBAABBA,experiment
2,400949,carrot,eye,eye,carrot,carrot,eye,eye,carrot,helicopter,smile,carrot,eye,carrot,7,27645130,2031,ABBAABBA,experiment
2,516999,pyramid,smile,smile,pyramid,pyramid,smile,smile,pyramid,pyramid,sun,smile,heart,pyramid,7,75012463,1032,ABBAABBA,experiment
2,100684,wheat,heart,heart,wheat,wheat,heart,heart,wheat,pyramid,smile,heart,wheat,wheat,7,56273041,3201,ABBAABBA,experiment
2,253851,star,guitar,guitar,star,star,guitar,guitar,star,sun,guitar,star,eye,star,7,27140653,132,ABBAABBA,experiment
2,406279,wheat,cube,cube,wheat,wheat,cube,cube,wheat,wheat,bulb,star,cube,wheat,7,45031726,1032,ABBAABBA,experiment
2,179874,key,hammer,hammer,key,key,hammer,hammer,key,hammer,truck,star,key,key,7,36514720,3102,ABBAABBA,experiment
2,127644,carrot,cube,cube,carrot,sun,truck,truck,sun,sun,cube,truck,carrot,sun,7,76435201,2310,ABBACDDC,experiment
2,501773,truck,pyramid,pyramid,truck,guitar,bulb,bulb,guitar,guitar,truck,pyramid,bulb,guitar,7,10234675,321,ABBACDDC,experiment
2,524891,bulb,star,star,bulb,key,sun,sun,key,sun,bulb,key,star,key,7,34276015,3102,ABBACDDC,experiment
2,195296,wheat,sun,sun,wheat,eye,bulb,bulb,eye,eye,wheat,sun,bulb,eye,7,46302715,3102,ABBACDDC,experiment
2,182150,key,sun,sun,key,bulb,guitar,guitar,bulb,bulb,sun,key,guitar,bulb,7,52074163,213,ABBACDDC,experiment
2,386914,eye,key,key,eye,bell,pyramid,pyramid,bell,eye,bell,key,pyramid,bell,7,67510243,3102,ABBACDDC,experiment
2,279079,heart,eye,eye,heart,truck,star,star,truck,heart,eye,truck,star,truck,7,74056231,2301,ABBACDDC,experiment
2,644976,truck,heart,heart,truck,eye,bulb,bulb,eye,truck,heart,eye,bulb,eye,7,71052346,312,ABBACDDC,experiment
2,535681,guitar,pyramid,pyramid,guitar,wheat,helicopter,helicopter,wheat,pyramid,wheat,guitar,helicopter,wheat,7,70514632,1203,ABBACDDC,experiment
2,271380,eye,sun,sun,eye,carrot,hammer,hammer,carrot,sun,carrot,eye,hammer,carrot,7,15063472,1230,ABBACDDC,experiment
2,33646,cube,hammer,hammer,helicopter,cube,hammer,hammer,helicopter,cube,hammer,bell,helicopter,helicopter,7,72150436,3120,ABBCABBC,experiment
2,523134,wheat,truck,truck,eye,wheat,truck,truck,eye,smile,truck,eye,wheat,eye,7,64103752,1023,ABBCABBC,experiment
2,537022,heart,pyramid,pyramid,helicopter,heart,pyramid,pyramid,helicopter,helicopter,pyramid,wheat,heart,helicopter,7,64510372,3021,ABBCABBC,experiment
2,325226,wheat,eye,eye,cube,wheat,eye,eye,cube,truck,cube,wheat,eye,cube,7,23761540,2310,ABBCABBC,experiment
2,415924,cube,heart,heart,wheat,cube,heart,heart,wheat,cube,wheat,sun,heart,wheat,7,54167032,3102,ABBCABBC,experiment
2,634897,key,hammer,hammer,guitar,key,hammer,hammer,guitar,hammer,helicopter,key,guitar,guitar,7,31540627,2301,ABBCABBC,experiment
2,408389,smile,wheat,wheat,pyramid,smile,wheat,wheat,pyramid,pyramid,smile,hammer,wheat,pyramid,7,17625403,213,ABBCABBC,experiment
2,514773,bulb,sun,sun,carrot,bulb,sun,sun,carrot,carrot,bulb,sun,helicopter,carrot,7,70214653,132,ABBCABBC,experiment
2,395826,helicopter,carrot,carrot,eye,helicopter,carrot,carrot,eye,guitar,eye,helicopter,carrot,eye,7,46052713,231,ABBCABBC,experiment
2,215370,guitar,helicopter,helicopter,hammer,guitar,helicopter,helicopter,hammer,helicopter,guitar,sun,hammer,hammer,7,1537246,312,ABBCABBC,experiment
2,610075,sun,star,heart,sun,sun,star,heart,sun,star,heart,eye,sun,sun,7,17605423,2103,ABCAABCA,experiment
2,29544,guitar,sun,carrot,guitar,guitar,sun,carrot,guitar,carrot,sun,guitar,helicopter,guitar,7,70234165,2013,ABCAABCA,experiment
2,454726,star,heart,eye,star,star,heart,eye,star,eye,star,heart,smile,star,7,13502746,3201,ABCAABCA,experiment
2,507934,cube,hammer,truck,cube,cube,hammer,truck,cube,smile,truck,hammer,cube,cube,7,56347012,2031,ABCAABCA,experiment
2,589335,eye,hammer,smile,eye,eye,hammer,smile,eye,smile,pyramid,hammer,eye,eye,7,42163705,3012,ABCAABCA,experiment
2,311240,guitar,hammer,truck,guitar,guitar,hammer,truck,guitar,guitar,hammer,truck,key,guitar,7,61075423,2310,ABCAABCA,experiment
2,651394,truck,carrot,cube,truck,truck,carrot,cube,truck,carrot,cube,truck,key,truck,7,54172603,1320,ABCAABCA,experiment
2,306941,cube,hammer,wheat,cube,cube,hammer,wheat,cube,bulb,cube,hammer,wheat,cube,7,70164523,2013,ABCAABCA,experiment
2,375244,key,truck,carrot,key,key,truck,carrot,key,pyramid,carrot,key,truck,key,7,67530241,1032,ABCAABCA,experiment
2,410434,pyramid,wheat,bulb,pyramid,pyramid,wheat,bulb,pyramid,pyramid,bulb,wheat,eye,pyramid,7,6137245,3120,ABCAABCA,experiment
2,301327,eye,bulb,hammer,key,key,hammer,bulb,eye,hammer,bulb,eye,key,eye,7,24613507,1230,ABCDDCBA,experiment
2,430292,smile,wheat,eye,heart,heart,eye,wheat,smile,smile,wheat,eye,heart,smile,7,21376504,1320,ABCDDCBA,experiment
2,347080,smile,eye,key,helicopter,helicopter,key,eye,smile,smile,eye,helicopter,key,smile,7,62735014,3201,ABCDDCBA,experiment
2,39873,guitar,hammer,sun,eye,eye,sun,hammer,guitar,eye,guitar,hammer,sun,guitar,7,12360754,1302,ABCDDCBA,experiment
2,107524,heart,hammer,eye,star,star,eye,hammer,heart,eye,star,heart,hammer,heart,7,54723106,2031,ABCDDCBA,experiment
2,126545,carrot,wheat,cube,pyramid,pyramid,cube,wheat,carrot,cube,wheat,carrot,pyramid,carrot,7,50176423,321,ABCDDCBA,experiment
2,374416,bell,heart,guitar,hammer,hammer,guitar,heart,bell,bell,heart,guitar,hammer,bell,7,6327541,1023,ABCDDCBA,experiment
2,36514,wheat,star,key,helicopter,helicopter,key,star,wheat,key,helicopter,star,wheat,wheat,7,6475123,3012,ABCDDCBA,experiment
2,25303,helicopter,bell,truck,hammer,hammer,truck,bell,helicopter,truck,hammer,helicopter,bell,helicopter,7,41670235,3102,ABCDDCBA,experiment
2,175279,sun,smile,bulb,carrot,carrot,bulb,smile,sun,bulb,sun,carrot,smile,sun,7,12703465,1032,ABCDDCBA,experiment
2,288801,smile,wheat,heart,eye,carrot,carrot,eye,heart,heart,smile,wheat,carrot,heart,7,51426037,312,ABCDEEDC,experiment
2,511788,smile,wheat,truck,bulb,heart,heart,bulb,truck,truck,heart,smile,bulb,truck,7,63574102,132,ABCDEEDC,experiment
2,469387,bulb,sun,wheat,bell,key,key,bell,wheat,bulb,wheat,bell,key,wheat,7,67104532,1023,ABCDEEDC,experiment
2,411714,guitar,sun,wheat,heart,key,key,heart,wheat,key,heart,wheat,guitar,wheat,7,73621540,2301,ABCDEEDC,experiment
2,126898,star,eye,carrot,wheat,cube,cube,wheat,carrot,star,carrot,eye,cube,carrot,7,23514076,1302,ABCDEEDC,experiment
2,399424,pyramid,bell,sun,eye,guitar,guitar,eye,sun,guitar,sun,eye,pyramid,sun,7,32615047,2031,ABCDEEDC,experiment
2,288453,hammer,cube,sun,helicopter,truck,truck,helicopter,sun,helicopter,hammer,sun,truck,sun,7,21634057,1203,ABCDEEDC,experiment
2,593061,key,smile,heart,sun,star,star,sun,heart,heart,sun,smile,star,heart,7,36175402,3201,ABCDEEDC,experiment
2,452491,smile,eye,bell,sun,wheat,wheat,sun,bell,eye,bell,wheat,sun,bell,7,52170463,1302,ABCDEEDC,experiment
2,384053,truck,guitar,star,eye,wheat,wheat,eye,star,guitar,wheat,star,truck,star,7,4512367,1023,ABCDEEDC,experiment
3,174428,sun,sun,sun,bulb,sun,sun,sun,bulb,sun,smile,bulb,pyramid,bulb,7,4675231,1032,AAABAAAB,experiment
3,186482,heart,heart,heart,helicopter,heart,heart,heart,helicopter,helicopter,smile,heart,wheat,helicopter,7,70624315,132,AAABAAAB,experiment
3,121039,smile,smile,smile,eye,smile,smile,smile,eye,smile,heart,cube,eye,eye,7,15372604,1230,AAABAAAB,experiment
3,149504,cube,cube,cube,smile,cube,cube,cube,smile,wheat,smile,cube,sun,smile,7,24031756,3102,AAABAAAB,experiment
3,661251,pyramid,pyramid,pyramid,cube,pyramid,pyramid,pyramid,cube,truck,pyramid,cube,star,cube,7,51204763,3210,AAABAAAB,experiment
3,41504,sun,sun,sun,heart,sun,sun,sun,heart,sun,heart,bulb,bell,heart,7,12304756,3120,AAABAAAB,experiment
3,79967,guitar,guitar,guitar,star,guitar,guitar,guitar,star,hammer,guitar,star,smile,star,7,16503724,1203,AAABAAAB,experiment
3,186569,carrot,carrot,carrot,pyramid,carrot,carrot,carrot,pyramid,carrot,pyramid,wheat,bulb,pyramid,7,41675203,1320,AAABAAAB,experiment
3,192496,star,star,star,key,star,star,star,key,cube,key,star,smile,key,7,17506432,1230,AAABAAAB,experiment
3,65002,carrot,carrot,carrot,truck,carrot,carrot,carrot,truck,star,truck,guitar,carrot,truck,7,40357261,3120,AAABAAAB,experiment
3,249626,truck,cube,truck,cube,bulb,key,bulb,key,cube,bulb,key,truck,key,7,53071624,3210,ABABCDCD,experiment
3,237967,carrot,bell,carrot,bell,truck,key,truck,key,key,carrot,bell,truck,key,7,43507621,2130,ABABCDCD,experiment
3,333424,cube,bulb,cube,bulb,key,smile,key,smile,bulb,key,cube,smile,smile,7,70521463,3021,ABABCDCD,experiment
3,322715,carrot,key,carrot,key,star,cube,star,cube,carrot,key,cube,star,cube,7,5673241,3021,ABABCDCD,experiment
3,203556,hammer,bulb,hammer,bulb,eye,bell,eye,bell,eye,hammer,bell,bulb,bell,7,10536742,231,ABABCDCD,experiment
3,504786,bulb,sun,bulb,sun,cube,hammer,cube,hammer,hammer,cube,sun,bulb,hammer,7,35214760,321,ABABCDCD,experiment
3,381315,heart,star,heart,star,bulb,eye,bulb,eye,heart,eye,bulb,star,eye,7,34716205,2103,ABABCDCD,experiment
3,375805,bulb,wheat,bulb,wheat,helicopter,heart,helicopter,heart,helicopter,heart,wheat,bulb,heart,7,2754136,2130,ABABCDCD,experiment
3,436054,sun,heart,sun,heart,bell,hammer,bell,hammer,bell,heart,hammer,sun,hammer,7,61753204,2301,ABABCDCD,experiment
3,367454,wheat,hammer,wheat,hammer,sun,heart,sun,heart,wheat,heart,sun,hammer,heart,7,47613250,1023,ABABCDCD,experiment
3,340704,star,wheat,wheat,star,star,wheat,wheat,star,star,truck,wheat,key,star,7,72415360,3021,ABBAABBA,experiment
3,322302,helicopter,eye,eye,helicopter,helicopter,eye,eye,helicopter,helicopter,key,wheat,eye,helicopter,7,36475201,2013,ABBAABBA,experiment
3,427852,eye,carrot,carrot,eye,eye,carrot,carrot,eye,carrot,bulb,heart,eye,eye,7,31506724,2031,ABBAABBA,experiment
3,137452,heart,hammer,hammer,heart,heart,hammer,hammer,heart,carrot,hammer,smile,heart,heart,7,64712035,3021,ABBAABBA,experiment
3,284166,guitar,cube,cube,guitar,guitar,cube,cube,guitar,guitar,cube,carrot,eye,guitar,7,3574162,2310,ABBAABBA,experiment
3,565511,wheat,sun,sun,wheat,wheat,sun,sun,wheat,wheat,sun,cube,heart,wheat,7,20631745,1230,ABBAABBA,experiment
3,348928,heart,guitar,guitar,heart,heart,guitar,guitar,heart,star,sun,heart,guitar,heart,7,40351276,3021,ABBAABBA,experiment
3,281251,bell,heart,heart,bell,bell,heart,heart,bell,carrot,bell,heart,eye,bell,7,71645032,321,ABBAABBA,experiment
3,486117,bulb,pyramid,pyramid,bulb,bulb,pyramid,pyramid,bulb,bulb,pyramid,carrot,truck,bulb,7,50316472,3021,ABBAABBA,experiment
3,139741,eye,wheat,wheat,eye,eye,wheat,wheat,eye,hammer,star,eye,wheat,eye,7,37245016,3120,ABBAABBA,experiment
3,100520,guitar,carrot,carrot,guitar,truck,key,key,truck,truck,carrot,key,guitar,truck,7,37420156,1023,ABBACDDC,experiment
3,346037,sun,carrot,carrot,sun,bell,hammer,hammer,bell,bell,carrot,sun,hammer,bell,7,27065314,3201,ABBACDDC,experiment
3,214851,pyramid,heart,heart,pyramid,cube,star,star,cube,cube,star,heart,pyramid,cube,7,70136245,2310,ABBACDDC,experiment
3,59333,helicopter,star,star,helicopter,cube,smile,smile,cube,smile,helicopter,star,cube,cube,7,2643175,1230,ABBACDDC,experiment
3,280481,truck,smile,smile,truck,bell,bulb,bulb,bell,bulb,truck,bell,smile,bell,7,4513627,3102,ABBACDDC,experiment
3,254436,star,carrot,carrot,star,bulb,eye,eye,bulb,bulb,eye,carrot,star,bulb,7,3746152,2301,ABBACDDC,experiment
3,593250,guitar,key,key,guitar,star,carrot,carrot,star,carrot,key,star,guitar,star,7,62503741,1320,ABBACDDC,experiment
3,428986,heart,pyramid,pyramid,heart,helicopter,carrot,carrot,helicopter,helicopter,pyramid,carrot,heart,helicopter,7,43251076,321,ABBACDDC,experiment
3,251645,hammer,truck,truck,hammer,cube,key,key,cube,truck,cube,hammer,key,cube,7,73145620,1320,ABBACDDC,experiment
3,31291,bulb,heart,heart,bulb,pyramid,bell,bell,pyramid,pyramid,bell,heart,bulb,pyramid,7,37164205,3201,ABBACDDC,experiment
3,311434,pyramid,star,star,bulb,pyramid,star,star,bulb,pyramid,bulb,sun,star,bulb,7,60234571,3120,ABBCABBC,experiment
3,530102,truck,eye,eye,carrot,truck,eye,eye,carrot,truck,eye,carrot,helicopter,carrot,7,36507241,132,ABBCABBC,experiment
3,368576,smile,truck,truck,helicopter,smile,truck,truck,helicopter,pyramid,truck,smile,helicopter,helicopter,7,52634017,132,ABBCABBC,experiment
3,39624,helicopter,guitar,guitar,cube,helicopter,guitar,guitar,cube,guitar,helicopter,carrot,cube,cube,7,47631520,132,ABBCABBC,experiment
3,134455,eye,star,star,truck,eye,star,star,truck,star,carrot,eye,truck,truck,7,36527140,1230,ABBCABBC,experiment
3,274549,hammer,truck,truck,key,hammer,truck,truck,key,truck,hammer,key,guitar,key,7,65142730,2013,ABBCABBC,experiment
3,260557,smile,star,star,guitar,smile,star,star,guitar,star,guitar,smile,bulb,guitar,7,34275160,2013,ABBCABBC,experiment
3,202108,bell,guitar,guitar,heart,bell,guitar,guitar,heart,heart,guitar,bulb,bell,heart,7,51460723,3012,ABBCABBC,experiment
3,326552,pyramid,hammer,hammer,smile,pyramid,hammer,hammer,smile,hammer,smile,cube,pyramid,smile,7,47562301,321,ABBCABBC,experiment
3,202511,bulb,bell,bell,star,bulb,bell,bell,star,bell,bulb,star,sun,star,7,36512740,3012,ABBCABBC,experiment
3,336657,truck,cube,bell,truck,truck,cube,bell,truck,sun,bell,truck,cube,truck,7,50746132,2031,ABCAABCA,experiment
3,340058,hammer,bulb,pyramid,hammer,hammer,bulb,pyramid,hammer,pyramid,sun,bulb,hammer,hammer,7,3456271,2301,ABCAABCA,experiment
3,252934,key,pyramid,hammer,key,key,pyramid,hammer,key,heart,pyramid,key,hammer,key,7,24530671,1203,ABCAABCA,experiment
3,75115,key,carrot,eye,key,key,carrot,eye,key,cube,key,carrot,eye,key,7,41062573,2310,ABCAABCA,experiment
3,186276,bulb,hammer,wheat,bulb,bulb,hammer,wheat,bulb,wheat,bulb,sun,hammer,bulb,7,12074356,1320,ABCAABCA,experiment
3,448113,key,pyramid,heart,key,key,pyramid,heart,key,heart,pyramid,key,bulb,key,7,41320657,1203,ABCAABCA,experiment
3,574141,hammer,star,key,hammer,hammer,star,key,hammer,cube,star,key,hammer,hammer,7,17365042,2013,ABCAABCA,experiment
3,627515,heart,smile,guitar,heart,heart,smile,guitar,heart,guitar,smile,hammer,heart,heart,7,47632105,2103,ABCAABCA,experiment
3,424895,sun,hammer,bell,sun,sun,hammer,bell,sun,truck,hammer,sun,bell,sun,7,10627435,3012,ABCAABCA,experiment
3,597323,heart,truck,key,heart,heart,truck,key,heart,eye,key,truck,heart,heart,7,14630752,3201,ABCAABCA,experiment
3,502012,bulb,cube,eye,carrot,carrot,eye,cube,bulb,cube,bulb,eye,carrot,bulb,7,1263754,3210,ABCDDCBA,experiment
3,197405,carrot,guitar,wheat,helicopter,helicopter,wheat,guitar,carrot,carrot,helicopter,guitar,wheat,carrot,7,57631402,3201,ABCDDCBA,experiment
3,270767,bell,heart,eye,hammer,hammer,eye,heart,bell,hammer,heart,bell,eye,bell,7,63457201,2031,ABCDDCBA,experiment
3,405901,helicopter,guitar,star,bulb,bulb,star,guitar,helicopter,star,guitar,bulb,helicopter,helicopter,7,51603274,2301,ABCDDCBA,experiment
3,277171,hammer,heart,smile,cube,cube,smile,heart,hammer,hammer,smile,cube,heart,hammer,7,73240615,1023,ABCDDCBA,experiment
3,608596,sun,cube,smile,wheat,wheat,smile,cube,sun,cube,smile,sun,wheat,sun,7,34017265,2130,ABCDDCBA,experiment
3,306866,bell,pyramid,sun,cube,cube,sun,pyramid,bell,cube,pyramid,sun,bell,bell,7,53476102,2103,ABCDDCBA,experiment
3,508011,key,carrot,sun,truck,truck,sun,carrot,key,key,carrot,truck,sun,key,7,6253147,2310,ABCDDCBA,experiment
3,546490,bulb,key,helicopter,truck,truck,helicopter,key,bulb,bulb,key,helicopter,truck,bulb,7,16702345,213,ABCDDCBA,experiment
3,460464,bulb,pyramid,guitar,sun,sun,guitar,pyramid,bulb,sun,pyramid,bulb,guitar,bulb,7,61270534,3012,ABCDDCBA,experiment
3,100058,wheat,bell,bulb,key,hammer,hammer,key,bulb,key,bulb,bell,hammer,bulb,7,56472301,1320,ABCDEEDC,experiment
3,409473,eye,star,truck,carrot,bulb,bulb,carrot,truck,truck,bulb,star,carrot,truck,7,75034261,132,ABCDEEDC,experiment
3,409131,smile,guitar,helicopter,heart,pyramid,pyramid,heart,helicopter,helicopter,pyramid,guitar,smile,helicopter,7,14023675,231,ABCDEEDC,experiment
3,308965,smile,pyramid,sun,cube,hammer,hammer,cube,sun,sun,hammer,smile,cube,sun,7,43260175,3021,ABCDEEDC,experiment
3,654925,helicopter,guitar,smile,heart,hammer,hammer,heart,smile,smile,hammer,helicopter,guitar,smile,7,72643105,1320,ABCDEEDC,experiment
3,461786,wheat,bulb,star,heart,helicopter,helicopter,heart,star,star,helicopter,heart,bulb,star,7,35746021,1320,ABCDEEDC,experiment
3,656687,pyramid,truck,sun,bell,star,star,bell,sun,truck,star,pyramid,sun,sun,7,71620354,123,ABCDEEDC,experiment
3,322422,sun,hammer,guitar,truck,cube,cube,truck,guitar,cube,guitar,hammer,sun,guitar,7,71046253,321,ABCDEEDC,experiment
3,127940,eye,pyramid,cube,star,key,key,star,cube,key,pyramid,cube,star,cube,7,12340657,1203,ABCDEEDC,experiment
3,360512,heart,helicopter,star,carrot,guitar,guitar,carrot,star,carrot,star,guitar,helicopter,star,7,52674301,312,ABCDEEDC,experiment
4,344825,eye,eye,eye,hammer,eye,eye,eye,hammer,truck,eye,heart,hammer,hammer,7,43576210,123,AAABAAAB,experiment
4,66922,cube,cube,cube,sun,cube,cube,cube,sun,cube,guitar,sun,bell,sun,7,67123450,1302,AAABAAAB,experiment
4,39593,truck,truck,truck,eye,truck,truck,truck,eye,truck,eye,carrot,star,eye,7,71036254,2130,AAABAAAB,experiment
4,383532,wheat,wheat,wheat,star,wheat,wheat,wheat,star,bell,wheat,star,carrot,star,7,13426750,3120,AAABAAAB,experiment
4,26365,guitar,guitar,guitar,hammer,guitar,guitar,guitar,hammer,truck,guitar,hammer,helicopter,hammer,7,26305417,2301,AAABAAAB,experiment
4,109594,smile,smile,smile,bulb,smile,smile,smile,bulb,carrot,bulb,smile,key,bulb,7,5632174,213,AAABAAAB,experiment
4,649008,truck,truck,truck,helicopter,truck,truck,truck,helicopter,helicopter,star,pyramid,truck,helicopter,7,50247361,2103,AAABAAAB,experiment
4,199319,eye,eye,eye,bulb,eye,eye,eye,bulb,eye,bulb,smile,star,bulb,7,37015264,2301,AAABAAAB,experiment
4,204577,bell,bell,bell,hammer,bell,bell,bell,hammer,hammer,bell,heart,truck,hammer,7,50134672,3102,AAABAAAB,experiment
4,518433,wheat,wheat,wheat,sun,wheat,wheat,wheat,sun,eye,smile,wheat,sun,sun,7,26034175,2310,AAABAAAB,experiment
4,639197,smile,guitar,smile,guitar,key,star,key,star,guitar,key,smile,star,star,7,16702534,1320,ABABCDCD,experiment
4,598597,star,bulb,star,bulb,eye,heart,eye,heart,heart,eye,bulb,star,heart,7,75423016,3120,ABABCDCD,experiment
4,291646,heart,hammer,heart,hammer,sun,carrot,sun,carrot,sun,hammer,heart,carrot,carrot,7,75413620,1230,ABABCDCD,experiment
4,638571,eye,smile,eye,smile,hammer,pyramid,hammer,pyramid,smile,eye,hammer,pyramid,pyramid,7,46013527,3201,ABABCDCD,experiment
4,522133,key,guitar,key,guitar,cube,wheat,cube,wheat,key,guitar,cube,wheat,wheat,7,30426751,3210,ABABCDCD,experiment
4,194522,sun,wheat,sun,wheat,heart,helicopter,heart,helicopter,heart,helicopter,wheat,sun,helicopter,7,50672413,2013,ABABCDCD,experiment
4,521898,eye,truck,eye,truck,sun,bulb,sun,bulb,sun,eye,bulb,truck,bulb,7,46120573,3120,ABABCDCD,experiment
4,319135,eye,carrot,eye,carrot,cube,bell,cube,bell,eye,bell,cube,carrot,bell,7,60531472,1032,ABABCDCD,experiment
4,345290,key,bulb,key,bulb,heart,truck,heart,truck,key,truck,bulb,heart,truck,7,62471035,213,ABABCDCD,experiment
4,649877,heart,guitar,heart,guitar,key,hammer,key,hammer,key,hammer,heart,guitar,hammer,7,4236715,1302,ABABCDCD,experiment
4,253203,cube,wheat,wheat,cube,cube,wheat,wheat,cube,bulb,cube,pyramid,wheat,cube,7,13725406,3102,ABBAABBA,experiment
4,69206,pyramid,heart,heart,pyramid,pyramid,heart,heart,pyramid,sun,eye,heart,pyramid,pyramid,7,1243675,123,ABBAABBA,experiment
4,558075,heart,key,key,heart,heart,key,key,heart,heart,bulb,cube,key,heart,7,71645302,1032,ABBAABBA,experiment
4,75229,guitar,bulb,bulb,guitar,guitar,bulb,bulb,guitar,bulb,eye,guitar,helicopter,guitar,7,24516073,2310,ABBAABBA,experiment
4,553220,wheat,smile,smile,wheat,wheat,smile,smile,wheat,bulb,wheat,smile,cube,wheat,7,60473152,2103,ABBAABBA,experiment
4,569946,eye,bell,bell,eye,eye,bell,bell,eye,bell,eye,cube,pyramid,eye,7,2715436,2130,ABBAABBA,experiment
4,175843,wheat,bell,bell,wheat,wheat,bell,bell,wheat,key,pyramid,bell,wheat,wheat,7,24605317,1302,ABBAABBA,experiment
4,657041,heart,smile,smile,heart,heart,smile,smile,heart,smile,heart,pyramid,cube,heart,7,75631204,1302,ABBAABBA,experiment
4,622435,eye,pyramid,pyramid,eye,eye,pyramid,pyramid,eye,key,cube,pyramid,eye,eye,7,13452760,321,ABBAABBA,experiment
4,124927,truck,guitar,guitar,truck,truck,guitar,guitar,truck,truck,helicopter,guitar,bulb,truck,7,54720136,2130,ABBAABBA,experiment
4,236553,guitar,smile,smile,guitar,hammer,key,key,hammer,smile,guitar,key,hammer,hammer,7,26451307,3201,ABBACDDC,experiment
4,98584,helicopter,sun,sun,helicopter,smile,bell,bell,smile,smile,sun,bell,helicopter,smile,7,10523764,312,ABBACDDC,experiment
4,324798,helicopter,key,key,helicopter,smile,star,star,smile,star,smile,helicopter,key,smile,7,61247053,132,ABBACDDC,experiment
4,104120,wheat,key,key,wheat,bulb,truck,truck,bulb,key,bulb,truck,wheat,bulb,7,10436752,3102,ABBACDDC,experiment
4,273467,helicopter,cube,cube,helicopter,heart,carrot,carrot,heart,helicopter,heart,carrot,cube,heart,7,60142357,1203,ABBACDDC,experiment
4,613040,guitar,sun,sun,guitar,pyramid,star,star,pyramid,sun,guitar,star,pyramid,pyramid,7,46701235,3012,ABBACDDC,experiment
4,407088,pyramid,guitar,guitar,pyramid,heart,hammer,hammer,heart,guitar,hammer,pyramid,heart,heart,7,21756403,213,ABBACDDC,experiment
4,316437,helicopter,bulb,bulb,helicopter,key,heart,heart,key,key,helicopter,heart,bulb,key,7,23460715,132,ABBACDDC,experiment
4,478251,eye,star,star,eye,pyramid,bell,bell,pyramid,star,pyramid,bell,eye,pyramid,7,14267530,3012,ABBACDDC,experiment
4,232433,bell,bulb,bulb,bell,truck,pyramid,pyramid,truck,bell,pyramid,truck,bulb,truck,7,31406752,321,ABBACDDC,experiment
4,484047,guitar,pyramid,pyramid,wheat,guitar,pyramid,pyramid,wheat,star,guitar,wheat,pyramid,wheat,7,60421537,1302,ABBCABBC,experiment
4,3030,hammer,cube,cube,guitar,hammer,cube,cube,guitar,heart,cube,hammer,guitar,guitar,7,50123764,2031,ABBCABBC,experiment
4,632246,smile,wheat,wheat,heart,smile,wheat,wheat,heart,smile,wheat,heart,helicopter,heart,7,62430175,1320,ABBCABBC,experiment
4,366039,carrot,star,star,truck,carrot,star,star,truck,star,truck,hammer,carrot,truck,7,75430126,1302,ABBCABBC,experiment
4,260532,hammer,heart,heart,guitar,hammer,heart,heart,guitar,guitar,bell,hammer,heart,guitar,7,65201743,2310,ABBCABBC,experiment
4,407006,sun,cube,cube,wheat,sun,cube,cube,wheat,cube,wheat,guitar,sun,wheat,7,37614520,2103,ABBCABBC,experiment
4,413306,helicopter,star,star,pyramid,helicopter,star,star,pyramid,pyramid,star,helicopter,key,pyramid,7,76235140,2301,ABBCABBC,experiment
4,461135,star,cube,cube,bell,star,cube,cube,bell,bell,key,cube,star,bell,7,52107634,3210,ABBCABBC,experiment
4,459304,star,heart,heart,eye,star,heart,heart,eye,key,heart,star,eye,eye,7,40375162,321,ABBCABBC,experiment
4,126859,star,pyramid,pyramid,wheat,star,pyramid,pyramid,wheat,wheat,carrot,star,pyramid,wheat,7,42307615,3120,ABBCABBC,experiment
4,331726,key,carrot,truck,key,key,carrot,truck,key,truck,bulb,key,carrot,key,7,2365714,1032,ABCAABCA,experiment
4,457338,wheat,truck,eye,wheat,wheat,truck,eye,wheat,truck,star,eye,wheat,wheat,7,62715340,231,ABCAABCA,experiment
4,172403,cube,guitar,truck,cube,cube,guitar,truck,cube,pyramid,cube,truck,guitar,cube,7,15346027,2031,ABCAABCA,experiment
4,167981,pyramid,smile,heart,pyramid,pyramid,smile,heart,pyramid,heart,pyramid,hammer,smile,pyramid,7,20376415,3021,ABCAABCA,experiment
4,597926,guitar,truck,bulb,guitar,guitar,truck,bulb,guitar,bulb,star,truck,guitar,guitar,7,50734126,1023,ABCAABCA,experiment
4,273607,truck,helicopter,sun,truck,truck,helicopter,sun,truck,truck,sun,helicopter,hammer,truck,7,30416527,1203,ABCAABCA,experiment
4,85864,helicopter,wheat,guitar,helicopter,helicopter,wheat,guitar,helicopter,guitar,helicopter,wheat,heart,helicopter,7,51670432,3201,ABCAABCA,experiment
4,132772,guitar,bulb,bell,guitar,guitar,bulb,bell,guitar,carrot,bulb,bell,guitar,guitar,7,6475321,1023,ABCAABCA,experiment
4,526721,carrot,wheat,bulb,carrot,carrot,wheat,bulb,carrot,key,wheat,bulb,carrot,carrot,7,47316520,3120,ABCAABCA,experiment
4,562541,wheat,truck,cube,wheat,wheat,truck,cube,wheat,bell,cube,wheat,truck,wheat,7,6537421,1230,ABCAABCA,experiment
4,394827,pyramid,helicopter,cube,sun,sun,cube,helicopter,pyramid,sun,pyramid,cube,helicopter,pyramid,7,26031547,2301,ABCDDCBA,experiment
4,147665,heart,guitar,carrot,bell,bell,carrot,guitar,heart,bell,carrot,heart,guitar,heart,7,62403715,1320,ABCDDCBA,experiment
4,336206,star,sun,smile,bell,bell,smile,sun,star,smile,star,bell,sun,star,7,54617302,213,ABCDDCBA,experiment
4,402380,carrot,bell,pyramid,hammer,hammer,pyramid,bell,carrot,hammer,pyramid,bell,carrot,carrot,7,20165473,3012,ABCDDCBA,experiment
4,454048,eye,star,heart,truck,truck,heart,star,eye,star,truck,heart,eye,eye,7,75436102,321,ABCDDCBA,experiment
4,285650,eye,bell,cube,heart,heart,cube,bell,eye,heart,cube,eye,bell,eye,7,36275410,3012,ABCDDCBA,experiment
4,84325,wheat,star,pyramid,cube,cube,pyramid,star,wheat,pyramid,wheat,cube,star,wheat,7,76521403,1023,ABCDDCBA,experiment
4,108316,bulb,sun,truck,pyramid,pyramid,truck,sun,bulb,sun,bulb,truck,pyramid,bulb,7,1754623,213,ABCDDCBA,experiment
4,588100,helicopter,carrot,sun,pyramid,pyramid,sun,carrot,helicopter,helicopter,carrot,pyramid,sun,helicopter,7,65237104,1203,ABCDDCBA,experiment
4,100898,carrot,helicopter,star,cube,cube,star,helicopter,carrot,cube,star,carrot,helicopter,carrot,7,50367124,3201,ABCDDCBA,experiment
4,31415,key,sun,cube,smile,star,star,smile,cube,key,cube,sun,star,cube,7,60375412,3201,ABCDEEDC,experiment
4,406391,smile,star,key,wheat,hammer,hammer,wheat,key,key,star,smile,wheat,key,7,37052416,2301,ABCDEEDC,experiment
4,14439,sun,hammer,carrot,star,truck,truck,star,carrot,truck,carrot,sun,star,carrot,7,64052371,321,ABCDEEDC,experiment
4,615433,wheat,star,bulb,hammer,smile,smile,hammer,bulb,bulb,wheat,star,hammer,bulb,7,1245376,3120,ABCDEEDC,experiment
4,164731,truck,helicopter,cube,smile,eye,eye,smile,cube,helicopter,truck,smile,cube,cube,7,43612750,1302,ABCDEEDC,experiment
4,525320,star,helicopter,guitar,wheat,eye,eye,wheat,guitar,eye,guitar,wheat,helicopter,guitar,7,76312504,2013,ABCDEEDC,experiment
4,359048,heart,truck,sun,hammer,helicopter,helicopter,hammer,sun,helicopter,truck,sun,hammer,sun,7,57013246,1023,ABCDEEDC,experiment
4,505015,hammer,guitar,bell,wheat,pyramid,pyramid,wheat,bell,bell,guitar,pyramid,wheat,bell,7,1742653,213,ABCDEEDC,experiment
4,107357,key,sun,hammer,heart,star,star,heart,hammer,heart,hammer,star,sun,hammer,7,31405726,213,ABCDEEDC,experiment
4,458559,heart,cube,helicopter,sun,eye,eye,sun,helicopter,eye,heart,helicopter,sun,helicopter,7,75610324,1230,ABCDEEDC,experiment
5,248093,wheat,wheat,wheat,bell,wheat,wheat,wheat,bell,star,wheat,bell,smile,bell,7,50164723,1230,AAABAAAB,experiment
5,523340,sun,sun,sun,truck,sun,sun,sun,truck,truck,helicopter,sun,star,truck,7,46705213,213,AAABAAAB,experiment
5,333697,bulb,bulb,bulb,truck,bulb,bulb,bulb,truck,truck,pyramid,guitar,bulb,truck,7,37462105,1320,AAABAAAB,experiment
5,459398,hammer,hammer,hammer,guitar,hammer,hammer,hammer,guitar,guitar,heart,hammer,truck,guitar,7,72013546,3210,AAABAAAB,experiment
5,329857,hammer,hammer,hammer,helicopter,hammer,hammer,hammer,helicopter,guitar,helicopter,bell,hammer,helicopter,7,27046531,1023,AAABAAAB,experiment
5,574364,cube,cube,cube,key,cube,cube,cube,key,key,pyramid,helicopter,cube,key,7,43610572,132,AAABAAAB,experiment
5,519123,helicopter,helicopter,helicopter,bulb,helicopter,helicopter,helicopter,bulb,star,bulb,helicopter,wheat,bulb,7,51246370,2103,AAABAAAB,experiment
5,393645,cube,cube,cube,heart,cube,cube,cube,heart,eye,truck,cube,heart,heart,7,51230467,1320,AAABAAAB,experiment
5,145042,carrot,carrot,carrot,sun,carrot,carrot,carrot,sun,hammer,sun,key,carrot,sun,7,72163405,2301,AAABAAAB,experiment
5,258693,sun,sun,sun,star,sun,sun,sun,star,smile,eye,sun,star,star,7,43672015,3210,AAABAAAB,experiment
5,564555,sun,pyramid,sun,pyramid,star,eye,star,eye,eye,sun,star,pyramid,eye,7,37456012,132,ABABCDCD,experiment
5,36668,heart,key,heart,key,sun,guitar,sun,guitar,sun,key,heart,guitar,guitar,7,50264317,2103,ABABCDCD,experiment
5,312333,truck,carrot,truck,carrot,smile,heart,smile,heart,truck,heart,carrot,smile,heart,7,25147360,1320,ABABCDCD,experiment
5,179729,key,helicopter,key,helicopter,cube,star,cube,star,helicopter,cube,key,star,star,7,71345260,2013,ABABCDCD,experiment
5,370861,bell,key,bell,key,cube,truck,cube,truck,key,bell,truck,cube,truck,7,54273061,1032,ABABCDCD,experiment
5,5775,helicopter,pyramid,helicopter,pyramid,wheat,sun,wheat,sun,helicopter,wheat,sun,pyramid,sun,7,25013764,1203,ABABCDCD,experiment
5,62421,eye,bell,eye,bell,sun,heart,sun,heart,sun,eye,heart,bell,heart,7,3725164,1203,ABABCDCD,experiment
5,470521,bell,key,bell,key,eye,hammer,eye,hammer,eye,bell,hammer,key,hammer,7,51632740,231,ABABCDCD,experiment
5,39824,guitar,smile,guitar,smile,key,sun,key,sun,sun,smile,guitar,key,sun,7,25041673,3102,ABABCDCD,experiment
5,330420,helicopter,heart,helicopter,heart,cube,eye,cube,eye,cube,eye,helicopter,heart,eye,7,47125630,1023,ABABCDCD,experiment
5,91101,bell,cube,cube,bell,bell,cube,cube,bell,helicopter,bell,cube,eye,bell,7,6751234,231,ABBAABBA,experiment
5,83025,bulb,truck,truck,bulb,bulb,truck,truck,bulb,bulb,truck,cube,helicopter,bulb,7,6521734,2130,ABBAABBA,experiment
5,162441,wheat,bulb,bulb,wheat,wheat,bulb,bulb,wheat,wheat,bulb,smile,bell,wheat,7,24610753,2103,ABBAABBA,experiment
5,495006,star,heart,heart,star,star,heart,heart,star,heart,star,truck,hammer,star,7,64310275,1320,ABBAABBA,experiment
5,566773,carrot,pyramid,pyramid,carrot,carrot,pyramid,pyramid,carrot,wheat,pyramid,carrot,eye,carrot,7,60437125,2013,ABBAABBA,experiment
5,327699,carrot,heart,heart,carrot,carrot,heart,heart,carrot,smile,guitar,heart,carrot,carrot,7,34726051,1023,ABBAABBA,experiment
5,74093,truck,eye,eye,truck,truck,eye,eye,truck,heart,star,truck,eye,truck,7,43251076,2013,ABBAABBA,experiment
5,321829,hammer,pyramid,pyramid,hammer,hammer,pyramid,pyramid,hammer,hammer,star,eye,pyramid,hammer,7,75146230,132,ABBAABBA,experiment
5,328569,helicopter,bell,bell,helicopter,helicopter,bell,bell,helicopter,helicopter,carrot,bell,key,helicopter,7,24106375,1230,ABBAABBA,experiment
5,91641,guitar,heart,heart,guitar,guitar,heart,heart,guitar,heart,guitar,hammer,sun,guitar,7,23074156,132,ABBAABBA,experiment
5,14310,truck,carrot,carrot,truck,star,cube,cube,star,truck,carrot,cube,star,star,7,27346510,1302,ABBACDDC,experiment
5,557263,bulb,star,star,bulb,sun,guitar,guitar,sun,bulb,sun,star,guitar,sun,7,24175306,2013,ABBACDDC,experiment
5,123825,hammer,wheat,wheat,hammer,smile,bulb,bulb,smile,smile,bulb,wheat,hammer,smile,7,36021547,2103,ABBACDDC,experiment
5,445291,smile,cube,cube,smile,bell,bulb,bulb,bell,smile,cube,bulb,bell,bell,7,67521340,2301,ABBACDDC,experiment
5,24157,smile,bell,bell,smile,sun,cube,cube,sun,bell,cube,smile,sun,sun,7,41576203,231,ABBACDDC,experiment
5,76308,eye,wheat,wheat,eye,key,bell,bell,key,wheat,eye,bell,key,key,7,27546031,3021,ABBACDDC,experiment
5,418636,guitar,wheat,wheat,guitar,cube,key,key,cube,key,cube,wheat,guitar,cube,7,24351067,2310,ABBACDDC,experiment
5,419907,helicopter,heart,heart,helicopter,bell,bulb,bulb,bell,bell,heart,helicopter,bulb,bell,7,21357046,3021,ABBACDDC,experiment
5,128166,heart,helicopter,helicopter,heart,cube,bulb,bulb,cube,helicopter,bulb,heart,cube,cube,7,60521743,312,ABBACDDC,experiment
5,100759,key,pyramid,pyramid,key,truck,guitar,guitar,truck,truck,pyramid,guitar,key,truck,7,54761320,3210,ABBACDDC,experiment
5,70093,smile,guitar,guitar,truck,smile,guitar,guitar,truck,truck,smile,heart,guitar,truck,7,27340516,312,ABBCABBC,experiment
5,481658,star,helicopter,helicopter,bell,star,helicopter,helicopter,bell,star,smile,helicopter,bell,bell,7,73214605,1203,ABBCABBC,experiment
5,94780,wheat,eye,eye,guitar,wheat,eye,eye,guitar,eye,cube,guitar,wheat,guitar,7,73651402,132,ABBCABBC,experiment
5,128320,heart,bell,bell,wheat,heart,bell,bell,wheat,heart,wheat,bell,guitar,wheat,7,61574032,3012,ABBCABBC,experiment
5,99431,guitar,key,key,helicopter,guitar,key,key,helicopter,guitar,helicopter,wheat,key,helicopter,7,52740361,1032,ABBCABBC,experiment
5,569989,truck,helicopter,helicopter,hammer,truck,helicopter,helicopter,hammer,truck,helicopter,key,hammer,hammer,7,24753016,1302,ABBCABBC,experiment
5,72163,hammer,eye,eye,smile,hammer,eye,eye,smile,cube,eye,hammer,smile,smile,7,7615432,1230,ABBCABBC,experiment
5,590721,sun,pyramid,pyramid,star,sun,pyramid,pyramid,star,pyramid,star,sun,truck,star,7,61423057,2013,ABBCABBC,experiment
5,603620,cube,star,star,smile,cube,star,star,smile,carrot,star,cube,smile,smile,7,24130567,1203,ABBCABBC,experiment
5,145747,sun,helicopter,helicopter,cube,sun,helicopter,helicopter,cube,guitar,cube,helicopter,sun,cube,7,75126034,2031,ABBCABBC,experiment
5,395844,key,bulb,cube,key,key,bulb,cube,key,key,smile,bulb,cube,key,7,21367405,3021,ABCAABCA,experiment
5,483407,heart,helicopter,pyramid,heart,heart,helicopter,pyramid,heart,helicopter,heart,pyramid,smile,heart,7,34702561,2301,ABCAABCA,experiment
5,646761,wheat,smile,cube,wheat,wheat,smile,cube,wheat,smile,hammer,cube,wheat,wheat,7,63714025,2103,ABCAABCA,experiment
5,470952,star,heart,truck,star,star,heart,truck,star,star,heart,wheat,truck,star,7,26307514,132,ABCAABCA,experiment
5,498488,star,key,cube,star,star,key,cube,star,sun,star,key,cube,star,7,7563412,3210,ABCAABCA,experiment
5,109901,bell,bulb,cube,bell,bell,bulb,cube,bell,bulb,cube,bell,key,bell,7,12047653,1032,ABCAABCA,experiment
5,296204,wheat,pyramid,carrot,wheat,wheat,pyramid,carrot,wheat,cube,pyramid,wheat,carrot,wheat,7,72354160,1230,ABCAABCA,experiment
5,192701,helicopter,bell,carrot,helicopter,helicopter,bell,carrot,helicopter,carrot,bell,helicopter,smile,helicopter,7,47263015,1320,ABCAABCA,experiment
5,611282,truck,wheat,pyramid,truck,truck,wheat,pyramid,truck,star,wheat,truck,pyramid,truck,7,12567034,3102,ABCAABCA,experiment
5,408515,smile,guitar,pyramid,smile,smile,guitar,pyramid,smile,smile,pyramid,guitar,carrot,smile,7,3764251,2103,ABCAABCA,experiment
5,141958,cube,guitar,heart,eye,eye,heart,guitar,cube,guitar,heart,eye,cube,cube,7,23617054,2310,ABCDDCBA,experiment
5,422889,pyramid,key,smile,star,star,smile,key,pyramid,star,smile,key,pyramid,pyramid,7,62135470,3201,ABCDDCBA,experiment
5,167465,wheat,heart,bell,guitar,guitar,bell,heart,wheat,wheat,guitar,heart,bell,wheat,7,20576314,1230,ABCDDCBA,experiment
5,386142,bell,helicopter,star,pyramid,pyramid,star,helicopter,bell,bell,helicopter,pyramid,star,bell,7,20134675,2130,ABCDDCBA,experiment
5,307880,key,heart,cube,helicopter,helicopter,cube,heart,key,heart,key,helicopter,cube,key,7,41320567,3021,ABCDDCBA,experiment
5,284465,smile,helicopter,bell,bulb,bulb,bell,helicopter,smile,helicopter,smile,bulb,bell,smile,7,2475613,2031,ABCDDCBA,experiment
5,505780,helicopter,pyramid,guitar,carrot,carrot,guitar,pyramid,helicopter,helicopter,pyramid,guitar,carrot,helicopter,7,75643102,321,ABCDDCBA,experiment
5,350826,eye,wheat,smile,pyramid,pyramid,smile,wheat,eye,wheat,pyramid,smile,eye,eye,7,71450236,2310,ABCDDCBA,experiment
5,243264,truck,cube,bell,key,key,bell,cube,truck,bell,key,cube,truck,truck,7,70265143,1203,ABCDDCBA,experiment
5,637641,eye,pyramid,smile,sun,sun,smile,pyramid,eye,eye,smile,pyramid,sun,eye,7,57430126,132,ABCDDCBA,experiment
5,416425,guitar,eye,helicopter,truck,bell,bell,truck,helicopter,truck,helicopter,bell,eye,helicopter,7,45073126,1023,ABCDEEDC,experiment
5,289006,cube,eye,pyramid,wheat,smile,smile,wheat,pyramid,pyramid,smile,eye,wheat,pyramid,7,31642507,132,ABCDEEDC,experiment
5,638884,truck,wheat,heart,hammer,pyramid,pyramid,hammer,heart,heart,hammer,truck,wheat,heart,7,41063725,2031,ABCDEEDC,experiment
5,365226,pyramid,key,wheat,sun,hammer,hammer,sun,wheat,pyramid,key,hammer,wheat,wheat,7,34170265,231,ABCDEEDC,experiment
5,291859,key,smile,wheat,sun,eye,eye,sun,wheat,sun,eye,key,wheat,wheat,7,2417653,1302,ABCDEEDC,experiment
5,2509,pyramid,heart,bell,cube,sun,sun,cube,bell,heart,sun,bell,pyramid,bell,7,56120374,1023,ABCDEEDC,experiment
5,112347,truck,smile,pyramid,guitar,sun,sun,guitar,pyramid,guitar,truck,pyramid,smile,pyramid,7,62410537,3201,ABCDEEDC,experiment
5,317922,cube,sun,smile,wheat,carrot,carrot,wheat,smile,carrot,smile,cube,wheat,smile,7,36057241,2310,ABCDEEDC,experiment
5,486084,truck,eye,helicopter,hammer,pyramid,pyramid,hammer,helicopter,hammer,helicopter,pyramid,eye,helicopter,7,36502714,3120,ABCDEEDC,experiment
5,67764,smile,guitar,truck,pyramid,helicopter,helicopter,pyramid,truck,smile,pyramid,truck,helicopter,truck,7,6537142,2130,ABCDEEDC,experiment
